entryNumber,name,brand,timeInRing,eliminationOrder,eliminatedBy,eliminations,eliminationResistance,momentum,winProbability,isWinner
1,Cody Rhodes,Raw,18,12,Jacob Fatu,2,1.5,0.3,7.0,False
2,Jacob Fatu,SmackDown,22,13,Oba Femi,2,1.8,0.5,5.5,False
3,Dragon Lee,NXT,3,1,Gunther,0,0.9,-0.2,0.5,False
4,Sami Zayn,SmackDown,38,26,Bron Breaker,3,1.4,0.6,6.5,False
5,Matt Cardona,Free Agent,4,2,Dominik Mysterio,0,0.8,-0.3,0.3,False
6,Gunther,Raw,15,9,AJ Styles,3,1.7,0.4,4.5,False
7,Rey Mysterio,SmackDown,12,7,Solo Sikoa & Talla Tonga,0,1.0,0.0,1.5,False
8,Ilija Dragunov,NXT,13,8,Gunther,0,1.3,0.1,1.0,False
9,Dominik Mysterio,Raw,6,3,Rhodes & Balor,1,1.0,-0.1,1.5,False
10,Rusev,SmackDown,8,4,LA Knight & Sami Zayn,0,1.5,-0.1,1.2,False
11,Kofi Kingston,Raw,10,5,LA Knight,0,1.1,0.0,1.0,False
12,LA Knight,SmackDown,45,30,Winner,4,1.8,1.0,15.0,True
13,Carmelo Hayes,NXT,20,15,Bron Breaker,0,1.2,0.0,1.0,False
14,Bronson Reed,Raw,28,22,Roman Reigns & LA Knight,1,1.6,0.2,1.0,False
15,Montez Ford,SmackDown,16,11,Cody Rhodes,0,1.2,0.0,1.0,False
16,X-Pac,Legend,9,6,Bronson Reed,0,1.1,0.1,0.8,False
17,Penta,Raw,21,14,Solo Sikoa & Talla Tonga,0,1.3,0.0,1.5,False
18,Jey Uso,Raw,24,17,Bron Breaker,0,1.3,-0.1,2.0,False
19,AJ Styles,Raw,25,18,Brock Lesnar,1,1.3,0.1,2.5,False
20,Solo Sikoa,SmackDown,30,21,Roman Reigns,2,1.6,0.3,4.0,False
21,Kit Wilson,NXT,14,10,Jacob Fatu,0,0.9,-0.2,0.3,False
22,Logan Paul,SmackDown,26,20,Roman Reigns,0,1.2,0.0,2.5,False
23,Oba Femi,NXT,27,19,"Reed, Breaker & Lesnar",1,1.8,0.2,3.5,False
24,Randy Orton,SmackDown,40,28,Roman Reigns,0,2.0,0.1,5.0,False
25,Trick Williams,NXT,34,25,Sami Zayn,0,1.4,0.1,3.0,False
26,Bron Breaker,Raw,36,27,LA Knight & Austin Theory,4,1.7,0.7,6.0,False
27,R-Truth,Raw,22,16,Brock Lesnar,0,1.0,-0.1,0.8,False
28,Brock Lesnar,Raw,31,23,Jericho & Williams,2,2.0,0.5,5.0,False
29,Roman Reigns,SmackDown,42,29,LA Knight,4,1.9,0.8,8.5,False
30,Chris Jericho,AEW,30,24,Trick Williams,1,1.4,0.2,3.0,False
